Time(Iteration),LinUCB,LinTS
0,0.4035719325933565,0.37751031446339745
