Time(Iteration),LinUCB,LinTS
0,0.35578061957424795,0.4074565583683879
