Time(Iteration),LinUCB,LinTS
0,0.3557144743062942,0.3037514668026905
