Time(Iteration),LinUCB,LinTS
0,0.4816344509897951,0.29308266540858574
