Time(Iteration),LinUCB,LinTS
0,0.3835058952584848,0.3089944557742196
