Time(Iteration),LinUCB,LinTS
0,0.32996254503485567,0.3748210323296409
