Time(Iteration),LinUCB,LinTS
0,0.3899202344270987,0.40314863723332206
